{
	"lines":
	[
		{
			"start": [0, 0],
			"end":   [0, 3.25]
		},
		{
			"start": [0, 3.25],
			"end":   [3, 3.25]
		},
		{
			"start": [3, 3.25],
			"end":   [3, 0]
		},
		{
			"start": [3, 0],
			"end":   [0, 0]
		},
		{
			"start": [0, 1.2],
			"end":   [0.6, 1.2]
		},
		{
			"start": [0, 2.4],
			"end":   [0.85, 2.4]
		},
		{
			"start": [0.85, 2.4],
			"end":   [0.85, 1.8]
		},
		{
			"start": [1.8, 0],
			"end":   [1.8, 1.8]
		},
		{
			"start": [1.8, 1.8],
			"end":   [2.4, 1.8]
		},
		{
			"start": [2.4, 0],
			"end":   [2.4, 0.6]
		},
		{
			"start": [3.0, 1.2],
			"end":   [2.4, 1.2]
		},
		{
			"start": [1.8, 3.25],
			"end":   [1.8, 2.65]
		},
		{
			"start": [1.8, 2.65],
			"end":   [2.4, 2.65]
		},
		{
			"start": [0.6, 0.6],
			"end":   [1.2, 0.6]
		},
		{
			"start": [1.2, 0.6],
			"end":   [1.2, 1.2]
		}

	]
}
